Workbook

Sheet Trade Log
A1: PRO TRADING JOURNAL
A2: Enter your trades below. Blue cells = your input. All other cells auto-calculate.
A4: Trade # | B4: Date | C4: Market | D4: Symbol | E4: Direction | F4: Strategy | G4: Entry Price | H4: Exit Price | I4: Stop Loss | J4: Take Profit | K4: Position Size | L4: Qty/Lots | M4: Commission | N4: P&L ($) | O4: P&L (%) | P4: R Multiple | Q4: Holding Time | R4: Setup Quality | S4: Notes | T4: Status
A5: 1 | B5: 2026-01-06 | C5: US | D5: AAPL | E5: Long | F5: Breakout | G5: 185.5 | H5: 192.3 | I5: 182 | J5: 195 | K5: 5000 | L5: 27 | M5: 2.99 | N5: =IF(H5="","",IF(E5="Long",(H5-G5)*L5-M5,(G5-H5)*L5-M5)) | O5: =IF(H5="","",IF(E5="Long",(H5-G5)/G5,(G5-H5)/G5)) | P5: =IF(H5="","",IF(E5="Long",IF((G5-I5)=0,0,N5/((G5-I5)*L5),IF((I5-G5)=0,0,N5/((I5-G5)*L5)))) | Q5: 2h 15m | R5: A | S5: Clean breakout above resistance | T5: Win
A6: 2 | B6: 2026-01-07 | C6: US | D6: TSLA | E6: Short | F6: Reversal | G6: 412.8 | H6: 405.2 | I6: 420 | J6: 395 | K6: 3000 | L6: 7 | M6: 2.99 | N6: =IF(H6="","",IF(E6="Long",(H6-G6)*L6-M6,(G6-H6)*L6-M6)) | O6: =IF(H6="","",IF(E6="Long",(H6-G6)/G6,(G6-H6)/G6)) | P6: =IF(H6="","",IF(E6="Long",IF((G6-I6)=0,0,N6/((G6-I6)*L6),IF((I6-G6)=0,0,N6/((I6-G6)*L6)))) | Q6: 45m | R6: B | S6: Double top rejection | T6: Win
A7: 3 | B7: 2026-01-08 | C7: HK | D7: 0700.HK | E7: Long | F7: Pullback | G7: 385.6 | H7: 380.2 | I7: 378 | J7: 398 | K7: 8000 | L7: 21 | M7: 15 | N7: =IF(H7="","",IF(E7="Long",(H7-G7)*L7-M7,(G7-H7)*L7-M7)) | O7: =IF(H7="","",IF(E7="Long",(H7-G7)/G7,(G7-H7)/G7)) | P7: =IF(H7="","",IF(E7="Long",IF((G7-I7)=0,0,N7/((G7-I7)*L7),IF((I7-G7)=0,0,N7/((I7-G7)*L7)))) | Q7: 3h 30m | R7: A | S7: Pullback to 20MA support | T7: Loss
A8: 4 | B8: 2026-01-09 | C8: US | D8: NVDA | E8: Long | F8: Earnings Play | G8: 142.5 | H8: 151.8 | I8: 138 | J8: 155 | K8: 10000 | L8: 70 | M8: 2.99 | N8: =IF(H8="","",IF(E8="Long",(H8-G8)*L8-M8,(G8-H8)*L8-M8)) | O8: =IF(H8="","",IF(E8="Long",(H8-G8)/G8,(G8-H8)/G8)) | P8: =IF(H8="","",IF(E8="Long",IF((G8-I8)=0,0,N8/((G8-I8)*L8),IF((I8-G8)=0,0,N8/((I8-G8)*L8)))) | Q8: 1d | R8: A+ | S8: Earnings beat, strong guidance | T8: Win
A9: 5 | B9: 2026-01-10 | C9: FX | D9: XAU/USD | E9: Long | F9: Trend Follow | G9: 2685.5 | I9: 2660 | J9: 2750 | K9: 2000 | L9: 0.74 | M9: 1.5 | N9: =IF(H9="","",IF(E9="Long",(H9-G9)*L9-M9,(G9-H9)*L9-M9)) | O9: =IF(H9="","",IF(E9="Long",(H9-G9)/G9,(G9-H9)/G9)) | P9: =IF(H9="","",IF(E9="Long",IF((G9-I9)=0,0,N9/((G9-I9)*L9),IF((I9-G9)=0,0,N9/((I9-G9)*L9)))) | Q9: Open | R9: A | S9: Gold trend continuation | T9: Open
A10: 6 | B10: 2026-01-10 | C10: US | D10: SPY | E10: Short | F10: Mean Revert | G10: 598.2 | H10: 595.8 | I10: 602 | J10: 590 | K10: 4000 | L10: 7 | M10: 2.99 | N10: =IF(H10="","",IF(E10="Long",(H10-G10)*L10-M10,(G10-H10)*L10-M10)) | O10: =IF(H10="","",IF(E10="Long",(H10-G10)/G10,(G10-H10)/G10)) | P10: =IF(H10="","",IF(E10="Long",IF((G10-I10)=0,0,N10/((G10-I10)*L10),IF((I10-G10)=0,0,N10/((I10-G10)*L10)))) | Q10: 1h 45m | R10: B | S10: Overbought RSI divergence | T10: Win
A12: TOTALS | N12: =SUM(N5:N10) | O12: =IF(COUNTA(N5:N10)>0,AVERAGE(O5:O10),0) | P12: =AVERAGE(P5:P10)

Sheet Dashboard
A1: TRADING PERFORMANCE DASHBOARD
A3: Total Trades | C3: Win Rate | E3: Total P&L ($) | G3: Avg R Multiple
A4: =COUNTA('Trade Log'!A5:A104) | C4: =IF(COUNTA('Trade Log'!N5:N104)>0,COUNTIF('Trade Log'!N5:N104,">0")/COUNTA('Trade Log'!N5:N104),0) | E4: =SUM('Trade Log'!N5:N104) | G4: =AVERAGE('Trade Log'!P5:P104)
A5: Best Trade | C5: Worst Trade | E5: Profit Factor | G5: Avg Hold Time
A6: =IF(COUNTA('Trade Log'!N5:N104)>0,MAX('Trade Log'!N5:N104),0) | C6: =IF(COUNTA('Trade Log'!N5:N104)>0,MIN('Trade Log'!N5:N104),0) | E6: =IF(SUMIF('Trade Log'!N5:N104,"<0")<>0,ABS(SUMIF('Trade Log'!N5:N104,">0")/SUMIF('Trade Log'!N5:N104,"<0")),0) | G6: =AVERAGE('Trade Log'!Q5:Q104)
A9: Win/Loss Breakdown
A10: Wins | B10: =COUNTIF('Trade Log'!N5:N104,">0")
A11: Losses | B11: =COUNTIF('Trade Log'!N5:N104,"<0")
A12: Break Even | B12: =COUNTIF('Trade Log'!N5:N104,0)
A13: Open | B13: =COUNTBLANK('Trade Log'!H5:H104)
A15: Performance by Market
A16: Market | B16: Total P&L | C16: Trade Count
A17: US | B17: =SUMIF('Trade Log'!C5:C104,"US",'Trade Log'!N5:N104) | C17: =COUNTIF('Trade Log'!C5:C104,"US")
A18: HK | B18: =SUMIF('Trade Log'!C5:C104,"HK",'Trade Log'!N5:N104) | C18: =COUNTIF('Trade Log'!C5:C104,"HK")
A19: FX | B19: =SUMIF('Trade Log'!C5:C104,"FX",'Trade Log'!N5:N104) | C19: =COUNTIF('Trade Log'!C5:C104,"FX")
A20: Crypto | B20: =SUMIF('Trade Log'!C5:C104,"Crypto",'Trade Log'!N5:N104) | C20: =COUNTIF('Trade Log'!C5:C104,"Crypto")
A22: Performance by Strategy
A23: Strategy | B23: Total P&L | C23: Win Rate
A24: Breakout | B24: =SUMIF('Trade Log'!F5:F104,"Breakout",'Trade Log'!N5:N104) | C24: =IF(COUNTIF('Trade Log'!F5:F104,"Breakout")>0,COUNTIFS('Trade Log'!F5:F104,"Breakout",'Trade Log'!N5:N104,">0")/COUNTIF('Trade Log'!F5:F104,"Breakout"),0)
A25: Reversal | B25: =SUMIF('Trade Log'!F5:F104,"Reversal",'Trade Log'!N5:N104) | C25: =IF(COUNTIF('Trade Log'!F5:F104,"Reversal")>0,COUNTIFS('Trade Log'!F5:F104,"Reversal",'Trade Log'!N5:N104,">0")/COUNTIF('Trade Log'!F5:F104,"Reversal"),0)
A26: Pullback | B26: =SUMIF('Trade Log'!F5:F104,"Pullback",'Trade Log'!N5:N104) | C26: =IF(COUNTIF('Trade Log'!F5:F104,"Pullback")>0,COUNTIFS('Trade Log'!F5:F104,"Pullback",'Trade Log'!N5:N104,">0")/COUNTIF('Trade Log'!F5:F104,"Pullback"),0)
A27: Trend Follow | B27: =SUMIF('Trade Log'!F5:F104,"Trend Follow",'Trade Log'!N5:N104) | C27: =IF(COUNTIF('Trade Log'!F5:F104,"Trend Follow")>0,COUNTIFS('Trade Log'!F5:F104,"Trend Follow",'Trade Log'!N5:N104,">0")/COUNTIF('Trade Log'!F5:F104,"Trend Follow"),0)
A28: Earnings Play | B28: =SUMIF('Trade Log'!F5:F104,"Earnings Play",'Trade Log'!N5:N104) | C28: =IF(COUNTIF('Trade Log'!F5:F104,"Earnings Play")>0,COUNTIFS('Trade Log'!F5:F104,"Earnings Play",'Trade Log'!N5:N104,">0")/COUNTIF('Trade Log'!F5:F104,"Earnings Play"),0)
A29: Mean Revert | B29: =SUMIF('Trade Log'!F5:F104,"Mean Revert",'Trade Log'!N5:N104) | C29: =IF(COUNTIF('Trade Log'!F5:F104,"Mean Revert")>0,COUNTIFS('Trade Log'!F5:F104,"Mean Revert",'Trade Log'!N5:N104,">0")/COUNTIF('Trade Log'!F5:F104,"Mean Revert"),0)

Sheet Analytics
A1: TRADE ANALYTICS
A3: Monthly Performance
A4: Month | B4: P&L ($) | C4: Trades | D4: Win Rate | E4: Avg R
A5: Jan | B5: =SUMPRODUCT((TEXT('Trade Log'!B5:B104,"mmm")="Jan")*'Trade Log'!N5:N104) | C5: =COUNTIF('Trade Log'!B5:B104,"*"&TEXT(DATE(2026,1,1),"mmm")&"*") | D5: =IF(C5>0,COUNTIFS('Trade Log'!B5:B104,"*"&TEXT(DATE(2026,1,1),"mmm")&"*",'Trade Log'!N5:N104,">0")/C5,0) | E5: =IF(C5>0,AVERAGEIFS('Trade Log'!P5:P104,'Trade Log'!B5:B104,"*"&TEXT(DATE(2026,1,1),"mmm")&"*"),0)
A6: Feb | B6: =SUMPRODUCT((TEXT('Trade Log'!B5:B104,"mmm")="Feb")*'Trade Log'!N5:N104) | C6: =COUNTIF('Trade Log'!B5:B104,"*"&TEXT(DATE(2026,2,1),"mmm")&"*") | D6: =IF(C6>0,COUNTIFS('Trade Log'!B5:B104,"*"&TEXT(DATE(2026,2,1),"mmm")&"*",'Trade Log'!N5:N104,">0")/C6,0) | E6: =IF(C6>0,AVERAGEIFS('Trade Log'!P5:P104,'Trade Log'!B5:B104,"*"&TEXT(DATE(2026,2,1),"mmm")&"*"),0)
A7: Mar | B7: =SUMPRODUCT((TEXT('Trade Log'!B5:B104,"mmm")="Mar")*'Trade Log'!N5:N104) | C7: =COUNTIF('Trade Log'!B5:B104,"*"&TEXT(DATE(2026,3,1),"mmm")&"*") | D7: =IF(C7>0,COUNTIFS('Trade Log'!B5:B104,"*"&TEXT(DATE(2026,3,1),"mmm")&"*",'Trade Log'!N5:N104,">0")/C7,0) | E7: =IF(C7>0,AVERAGEIFS('Trade Log'!P5:P104,'Trade Log'!B5:B104,"*"&TEXT(DATE(2026,3,1),"mmm")&"*"),0)
A8: Apr | B8: =SUMPRODUCT((TEXT('Trade Log'!B5:B104,"mmm")="Apr")*'Trade Log'!N5:N104) | C8: =COUNTIF('Trade Log'!B5:B104,"*"&TEXT(DATE(2026,4,1),"mmm")&"*") | D8: =IF(C8>0,COUNTIFS('Trade Log'!B5:B104,"*"&TEXT(DATE(2026,4,1),"mmm")&"*",'Trade Log'!N5:N104,">0")/C8,0) | E8: =IF(C8>0,AVERAGEIFS('Trade Log'!P5:P104,'Trade Log'!B5:B104,"*"&TEXT(DATE(2026,4,1),"mmm")&"*"),0)
A9: May | B9: =SUMPRODUCT((TEXT('Trade Log'!B5:B104,"mmm")="May")*'Trade Log'!N5:N104) | C9: =COUNTIF('Trade Log'!B5:B104,"*"&TEXT(DATE(2026,5,1),"mmm")&"*") | D9: =IF(C9>0,COUNTIFS('Trade Log'!B5:B104,"*"&TEXT(DATE(2026,5,1),"mmm")&"*",'Trade Log'!N5:N104,">0")/C9,0) | E9: =IF(C9>0,AVERAGEIFS('Trade Log'!P5:P104,'Trade Log'!B5:B104,"*"&TEXT(DATE(2026,5,1),"mmm")&"*"),0)
A10: Jun | B10: =SUMPRODUCT((TEXT('Trade Log'!B5:B104,"mmm")="Jun")*'Trade Log'!N5:N104) | C10: =COUNTIF('Trade Log'!B5:B104,"*"&TEXT(DATE(2026,6,1),"mmm")&"*") | D10: =IF(C10>0,COUNTIFS('Trade Log'!B5:B104,"*"&TEXT(DATE(2026,6,1),"mmm")&"*",'Trade Log'!N5:N104,">0")/C10,0) | E10: =IF(C10>0,AVERAGEIFS('Trade Log'!P5:P104,'Trade Log'!B5:B104,"*"&TEXT(DATE(2026,6,1),"mmm")&"*"),0)
A11: Jul | B11: =SUMPRODUCT((TEXT('Trade Log'!B5:B104,"mmm")="Jul")*'Trade Log'!N5:N104) | C11: =COUNTIF('Trade Log'!B5:B104,"*"&TEXT(DATE(2026,7,1),"mmm")&"*") | D11: =IF(C11>0,COUNTIFS('Trade Log'!B5:B104,"*"&TEXT(DATE(2026,7,1),"mmm")&"*",'Trade Log'!N5:N104,">0")/C11,0) | E11: =IF(C11>0,AVERAGEIFS('Trade Log'!P5:P104,'Trade Log'!B5:B104,"*"&TEXT(DATE(2026,7,1),"mmm")&"*"),0)
A12: Aug | B12: =SUMPRODUCT((TEXT('Trade Log'!B5:B104,"mmm")="Aug")*'Trade Log'!N5:N104) | C12: =COUNTIF('Trade Log'!B5:B104,"*"&TEXT(DATE(2026,8,1),"mmm")&"*") | D12: =IF(C12>0,COUNTIFS('Trade Log'!B5:B104,"*"&TEXT(DATE(2026,8,1),"mmm")&"*",'Trade Log'!N5:N104,">0")/C12,0) | E12: =IF(C12>0,AVERAGEIFS('Trade Log'!P5:P104,'Trade Log'!B5:B104,"*"&TEXT(DATE(2026,8,1),"mmm")&"*"),0)
A13: Sep | B13: =SUMPRODUCT((TEXT('Trade Log'!B5:B104,"mmm")="Sep")*'Trade Log'!N5:N104) | C13: =COUNTIF('Trade Log'!B5:B104,"*"&TEXT(DATE(2026,9,1),"mmm")&"*") | D13: =IF(C13>0,COUNTIFS('Trade Log'!B5:B104,"*"&TEXT(DATE(2026,9,1),"mmm")&"*",'Trade Log'!N5:N104,">0")/C13,0) | E13: =IF(C13>0,AVERAGEIFS('Trade Log'!P5:P104,'Trade Log'!B5:B104,"*"&TEXT(DATE(2026,9,1),"mmm")&"*"),0)
A14: Oct | B14: =SUMPRODUCT((TEXT('Trade Log'!B5:B104,"mmm")="Oct")*'Trade Log'!N5:N104) | C14: =COUNTIF('Trade Log'!B5:B104,"*"&TEXT(DATE(2026,10,1),"mmm")&"*") | D14: =IF(C14>0,COUNTIFS('Trade Log'!B5:B104,"*"&TEXT(DATE(2026,10,1),"mmm")&"*",'Trade Log'!N5:N104,">0")/C14,0) | E14: =IF(C14>0,AVERAGEIFS('Trade Log'!P5:P104,'Trade Log'!B5:B104,"*"&TEXT(DATE(2026,10,1),"mmm")&"*"),0)
A15: Nov | B15: =SUMPRODUCT((TEXT('Trade Log'!B5:B104,"mmm")="Nov")*'Trade Log'!N5:N104) | C15: =COUNTIF('Trade Log'!B5:B104,"*"&TEXT(DATE(2026,11,1),"mmm")&"*") | D15: =IF(C15>0,COUNTIFS('Trade Log'!B5:B104,"*"&TEXT(DATE(2026,11,1),"mmm")&"*",'Trade Log'!N5:N104,">0")/C15,0) | E15: =IF(C15>0,AVERAGEIFS('Trade Log'!P5:P104,'Trade Log'!B5:B104,"*"&TEXT(DATE(2026,11,1),"mmm")&"*"),0)
A16: Dec | B16: =SUMPRODUCT((TEXT('Trade Log'!B5:B104,"mmm")="Dec")*'Trade Log'!N5:N104) | C16: =COUNTIF('Trade Log'!B5:B104,"*"&TEXT(DATE(2026,12,1),"mmm")&"*") | D16: =IF(C16>0,COUNTIFS('Trade Log'!B5:B104,"*"&TEXT(DATE(2026,12,1),"mmm")&"*",'Trade Log'!N5:N104,">0")/C16,0) | E16: =IF(C16>0,AVERAGEIFS('Trade Log'!P5:P104,'Trade Log'!B5:B104,"*"&TEXT(DATE(2026,12,1),"mmm")&"*"),0)
A18: Risk Metrics
A19: Max Drawdown | B19: =MIN('Trade Log'!N5:N104)
A20: Avg Win | B20: =IF(COUNTIF('Trade Log'!N5:N104,">0")>0,AVERAGEIF('Trade Log'!N5:N104,">0"),0)
A21: Avg Loss | B21: =IF(COUNTIF('Trade Log'!N5:N104,"<0")>0,AVERAGEIF('Trade Log'!N5:N104,"<0"),0)
A22: Win/Loss Ratio | B22: =IF(B21<>0,ABS(B20/B21),0)
A25: By Direction
A26: Direction | B26: Total P&L | C26: Count | D26: Win Rate
A27: Long | B27: =SUMIF('Trade Log'!E5:E104,"Long",'Trade Log'!N5:N104) | C27: =COUNTIF('Trade Log'!E5:E104,"Long") | D27: =IF(C27>0,COUNTIFS('Trade Log'!E5:E104,"Long",'Trade Log'!N5:N104,">0")/C27,0)
A28: Short | B28: =SUMIF('Trade Log'!E5:E104,"Short",'Trade Log'!N5:N104) | C28: =COUNTIF('Trade Log'!E5:E104,"Short") | D28: =IF(C28>0,COUNTIFS('Trade Log'!E5:E104,"Short",'Trade Log'!N5:N104,">0")/C28,0)

Sheet How to Use
A1: HOW TO USE THIS TRADING JOURNAL
A3: Getting Started
A4: 1. Each row in the Trade Log represents one trade.
A5: 2. Fill in the blue cells (columns A-M) for each trade.
A6: 3. P&L, Win Rate, and R Multiple calculate automatically.
A7: 4. The Dashboard and Analytics update in real-time.
A9: Required Fields
A10: • Date: Trade entry date (YYYY-MM-DD format)
A11: • Market: US / HK / FX / Crypto
A12: • Symbol: Ticker symbol (e.g., AAPL, 0700.HK)
A13: • Direction: Long or Short
A14: • Strategy: Your trading strategy name
... A24: • R Multiple normalizes performance across position sizes.
